[{"pk": 40, "model": "admin.logentry", "fields": {"action_flag": 2, "action_time": "2007-12-16 07:40:08", "object_repr": "The Manhattan Project", "object_id": "5", "change_message": "Changed is private.", "user": 1, "content_type": 9}}, {"pk": 39, "model": "admin.logentry", "fields": {"action_flag": 1, "action_time": "2007-12-16 07:38:20", "object_repr": "Another big bug report", "object_id": "4", "change_message": "", "user": 1, "content_type": 13}}, {"pk": 38, "model": "admin.logentry", "fields": {"action_flag": 1, "action_time": "2007-12-16 07:34:13", "object_repr": "stable", "object_id": "5", "change_message": "", "user": 1, "content_type": 15}}, {"pk": 37, "model": "admin.logentry", "fields": {"action_flag": 1, "action_time": "2007-12-16 07:34:02", "object_repr": "stable", "object_id": "4", "change_message": "", "user": 1, "content_type": 15}}, {"pk": 36, "model": "admin.logentry", "fields": {"action_flag": 1, "action_time": "2007-12-16 07:33:50", "object_repr": "stable", "object_id": "3", "change_message": "", "user": 1, "content_type": 15}}, {"pk": 35, "model": "admin.logentry", "fields": {"action_flag": 1, "action_time": "2007-12-16 07:33:32", "object_repr": "unstable", "object_id": "2", "change_message": "", "user": 1, "content_type": 15}}, {"pk": 34, "model": "admin.logentry", "fields": {"action_flag": 1, "action_time": "2007-12-16 07:33:16", "object_repr": "stable", "object_id": "1", "change_message": "", "user": 1, "content_type": 15}}, {"pk": 33, "model": "admin.logentry", "fields": {"action_flag": 1, "action_time": "2007-12-16 07:32:17", "object_repr": "Permissions for mojojojo in Mercurial Django Front", "object_id": "8", "change_message": "", "user": 1, "content_type": 10}}, {"pk": 32, "model": "admin.logentry", "fields": {"action_flag": 1, "action_time": "2007-12-16 07:31:39", "object_repr": "Permissions for samuraijack in Mercurial Django Front", "object_id": "7", "change_message": "", "user": 1, "content_type": 10}}, {"pk": 31, "model": "admin.logentry", "fields": {"action_flag": 2, "action_time": "2007-12-16 07:30:23", "object_repr": "Mercurial Django Front", "object_id": "3", "change_message": "Changed is private.", "user": 1, "content_type": 9}}, {"pk": 30, "model": "admin.logentry", "fields": {"action_flag": 2, "action_time": "2007-12-16 07:30:20", "object_repr": "Project X", "object_id": "4", "change_message": "Changed is private.", "user": 1, "content_type": 9}}, {"pk": 29, "model": "admin.logentry", "fields": {"action_flag": 2, "action_time": "2007-12-16 07:30:15", "object_repr": "The Manhattan Project", "object_id": "5", "change_message": "Changed is private.", "user": 1, "content_type": 9}}, {"pk": 28, "model": "admin.logentry", "fields": {"action_flag": 1, "action_time": "2007-12-16 07:30:10", "object_repr": "Space Invaders", "object_id": "6", "change_message": "", "user": 1, "content_type": 9}}, {"pk": 27, "model": "admin.logentry", "fields": {"action_flag": 1, "action_time": "2007-12-16 07:29:15", "object_repr": "The Manhattan Project", "object_id": "5", "change_message": "", "user": 1, "content_type": 9}}, {"pk": 26, "model": "admin.logentry", "fields": {"action_flag": 2, "action_time": "2007-12-16 07:28:20", "object_repr": "Mercurial Django Front", "object_id": "3", "change_message": "Changed is private.", "user": 1, "content_type": 9}}, {"pk": 25, "model": "admin.logentry", "fields": {"action_flag": 1, "action_time": "2007-12-16 07:28:14", "object_repr": "Project X", "object_id": "4", "change_message": "", "user": 1, "content_type": 9}}, {"pk": 24, "model": "admin.logentry", "fields": {"action_flag": 1, "action_time": "2007-12-16 07:27:38", "object_repr": "Mercurial Django Front", "object_id": "3", "change_message": "", "user": 1, "content_type": 9}}, {"pk": 23, "model": "admin.logentry", "fields": {"action_flag": 3, "action_time": "2007-12-16 07:26:30", "object_repr": "the hg front", "object_id": "1", "change_message": "", "user": 1, "content_type": 9}}, {"pk": 22, "model": "admin.logentry", "fields": {"action_flag": 2, "action_time": "2007-12-16 07:26:09", "object_repr": "samuraijack", "object_id": "13", "change_message": "Changed first name, staff status, active and superuser status.", "user": 1, "content_type": 4}}, {"pk": 21, "model": "admin.logentry", "fields": {"action_flag": 2, "action_time": "2007-12-16 07:26:00", "object_repr": "mojojojo", "object_id": "17", "change_message": "Changed first name, last name, staff status, active and superuser status.", "user": 1, "content_type": 4}}, {"pk": 20, "model": "admin.logentry", "fields": {"action_flag": 2, "action_time": "2007-12-16 07:23:38", "object_repr": "dexter", "object_id": "10", "change_message": "Changed first name, staff status, active and superuser status.", "user": 1, "content_type": 4}}, {"pk": 19, "model": "admin.logentry", "fields": {"action_flag": 2, "action_time": "2007-12-16 07:23:32", "object_repr": "johnnybravo", "object_id": "8", "change_message": "Changed username, first name, last name, staff status, active and superuser status.", "user": 1, "content_type": 4}}, {"pk": 18, "model": "admin.logentry", "fields": {"action_flag": 3, "action_time": "2007-12-16 07:23:21", "object_repr": "richardnixon", "object_id": "9", "change_message": "", "user": 1, "content_type": 4}}, {"pk": 17, "model": "admin.logentry", "fields": {"action_flag": 3, "action_time": "2007-12-16 07:22:11", "object_repr": "aoo", "object_id": "4", "change_message": "", "user": 1, "content_type": 4}}, {"pk": 16, "model": "admin.logentry", "fields": {"action_flag": 3, "action_time": "2007-12-16 07:22:07", "object_repr": "boo", "object_id": "2", "change_message": "", "user": 1, "content_type": 4}}, {"pk": 15, "model": "admin.logentry", "fields": {"action_flag": 3, "action_time": "2007-12-16 07:22:03", "object_repr": "croup", "object_id": "7", "change_message": "", "user": 1, "content_type": 4}}, {"pk": 14, "model": "admin.logentry", "fields": {"action_flag": 3, "action_time": "2007-12-16 07:21:59", "object_repr": "eoo", "object_id": "5", "change_message": "", "user": 1, "content_type": 4}}, {"pk": 13, "model": "admin.logentry", "fields": {"action_flag": 3, "action_time": "2007-12-16 07:21:54", "object_repr": "vandemart", "object_id": "6", "change_message": "", "user": 1, "content_type": 4}}, {"pk": 12, "model": "admin.logentry", "fields": {"action_flag": 3, "action_time": "2007-12-16 07:21:49", "object_repr": "goo", "object_id": "3", "change_message": "", "user": 1, "content_type": 4}}, {"pk": 11, "model": "admin.logentry", "fields": {"action_flag": 2, "action_time": "2007-12-16 06:01:08", "object_repr": "the linux kernel", "object_id": "2", "change_message": "Changed is private.", "user": 1, "content_type": 9}}, {"pk": 10, "model": "admin.logentry", "fields": {"action_flag": 1, "action_time": "2007-12-16 05:50:21", "object_repr": "Doo", "object_id": "1", "change_message": "", "user": 1, "content_type": 16}}, {"pk": 9, "model": "admin.logentry", "fields": {"action_flag": 2, "action_time": "2007-12-16 05:45:33", "object_repr": "the linux kernel", "object_id": "2", "change_message": "Changed is private.", "user": 1, "content_type": 9}}, {"pk": 8, "model": "admin.logentry", "fields": {"action_flag": 2, "action_time": "2007-12-16 05:45:22", "object_repr": "the linux kernel", "object_id": "2", "change_message": "Changed is private.", "user": 1, "content_type": 9}}, {"pk": 7, "model": "admin.logentry", "fields": {"action_flag": 2, "action_time": "2007-12-16 05:36:00", "object_repr": "the linux kernel", "object_id": "2", "change_message": "Changed is private.", "user": 1, "content_type": 9}}, {"pk": 6, "model": "admin.logentry", "fields": {"action_flag": 2, "action_time": "2007-12-16 05:35:51", "object_repr": "the linux kernel", "object_id": "2", "change_message": "Changed is private.", "user": 1, "content_type": 9}}, {"pk": 5, "model": "admin.logentry", "fields": {"action_flag": 2, "action_time": "2007-12-16 05:24:56", "object_repr": "the linux kernel", "object_id": "2", "change_message": "Changed is private.", "user": 1, "content_type": 9}}, {"pk": 4, "model": "admin.logentry", "fields": {"action_flag": 2, "action_time": "2007-12-16 05:24:44", "object_repr": "the linux kernel", "object_id": "2", "change_message": "Changed is private.", "user": 1, "content_type": 9}}, {"pk": 3, "model": "admin.logentry", "fields": {"action_flag": 1, "action_time": "2007-12-16 05:23:56", "object_repr": "main", "object_id": "1", "change_message": "", "user": 1, "content_type": 15}}, {"pk": 2, "model": "admin.logentry", "fields": {"action_flag": 1, "action_time": "2007-12-16 05:21:42", "object_repr": "the linux kernel", "object_id": "2", "change_message": "", "user": 1, "content_type": 9}}, {"pk": 1, "model": "admin.logentry", "fields": {"action_flag": 1, "action_time": "2007-12-16 05:21:01", "object_repr": "the hg front", "object_id": "1", "change_message": "", "user": 1, "content_type": 9}}, {"pk": 15, "model": "auth.user", "fields": {"username": "blossom", "first_name": "", "last_name": "", "is_active": 1, "is_superuser": 0, "is_staff": 0, "last_login": "2007-12-16 07:25:38", "groups": [], "user_permissions": [], "password": "sha1$5d3fd$56563cf20e4199deca78bc44a0ba462e702e688c", "email": "", "date_joined": "2007-12-16 07:25:38"}}, {"pk": 16, "model": "auth.user", "fields": {"username": "bubbles", "first_name": "", "last_name": "", "is_active": 1, "is_superuser": 0, "is_staff": 0, "last_login": "2007-12-16 07:25:46", "groups": [], "user_permissions": [], "password": "sha1$ae6bb$a733862c299852f4764ac1620e0f8a90d3ac1bde", "email": "", "date_joined": "2007-12-16 07:25:46"}}, {"pk": 14, "model": "auth.user", "fields": {"username": "buttercup", "first_name": "", "last_name": "", "is_active": 1, "is_superuser": 0, "is_staff": 0, "last_login": "2007-12-16 07:25:32", "groups": [], "user_permissions": [], "password": "sha1$1fce8$b9342313719ba195248f8433a77cc30cf90da95b", "email": "", "date_joined": "2007-12-16 07:25:32"}}, {"pk": 11, "model": "auth.user", "fields": {"username": "chicken", "first_name": "", "last_name": "", "is_active": 1, "is_superuser": 0, "is_staff": 0, "last_login": "2007-12-16 07:23:58", "groups": [], "user_permissions": [], "password": "sha1$0021a$0c9053b6214ad369eb78208791e881ecb6668764", "email": "", "date_joined": "2007-12-16 07:23:58"}}, {"pk": 12, "model": "auth.user", "fields": {"username": "cow", "first_name": "", "last_name": "", "is_active": 1, "is_superuser": 0, "is_staff": 0, "last_login": "2007-12-16 07:24:01", "groups": [], "user_permissions": [], "password": "sha1$36c68$2e39db7a39767b601f60301368c51642e3c61d3a", "email": "", "date_joined": "2007-12-16 07:24:01"}}, {"pk": 10, "model": "auth.user", "fields": {"username": "dexter", "first_name": "Dexter", "last_name": "", "is_active": 1, "is_superuser": 0, "is_staff": 0, "last_login": "2007-12-16 07:23:14", "groups": [], "user_permissions": [], "password": "sha1$184ff$19aac0e2221407a906c9b1637dfffa4bdc983526", "email": "", "date_joined": "2007-12-16 07:23:14"}}, {"pk": 8, "model": "auth.user", "fields": {"username": "johnnybravo", "first_name": "Johnny", "last_name": "Bravo", "is_active": 1, "is_superuser": 0, "is_staff": 0, "last_login": "2007-12-16 07:22:40", "groups": [], "user_permissions": [], "password": "sha1$a1fe9$9683dc1a3f39890d0110a5c9f265919698a4cbad", "email": "", "date_joined": "2007-12-16 07:22:40"}}, {"pk": 17, "model": "auth.user", "fields": {"username": "mojojojo", "first_name": "Mojo", "last_name": "Jojo", "is_active": 1, "is_superuser": 0, "is_staff": 0, "last_login": "2007-12-16 07:25:50", "groups": [], "user_permissions": [], "password": "sha1$5389f$1c3e07f0da726fbe7f5776889d79c28290a26678", "email": "", "date_joined": "2007-12-16 07:25:50"}}, {"pk": 13, "model": "auth.user", "fields": {"username": "samuraijack", "first_name": "Jack", "last_name": "", "is_active": 1, "is_superuser": 0, "is_staff": 0, "last_login": "2007-12-16 07:24:16", "groups": [], "user_permissions": [], "password": "sha1$4be14$fc19f84ebe59fd726b84e30c9c57ec6d94c92a7f", "email": "", "date_joined": "2007-12-16 07:24:16"}}, {"pk": 1, "model": "auth.permission", "fields": {"codename": "add_logentry", "name": "Can add log entry", "content_type": 1}}, {"pk": 2, "model": "auth.permission", "fields": {"codename": "change_logentry", "name": "Can change log entry", "content_type": 1}}, {"pk": 3, "model": "auth.permission", "fields": {"codename": "delete_logentry", "name": "Can delete log entry", "content_type": 1}}, {"pk": 4, "model": "auth.permission", "fields": {"codename": "add_message", "name": "Can add message", "content_type": 2}}, {"pk": 5, "model": "auth.permission", "fields": {"codename": "change_message", "name": "Can change message", "content_type": 2}}, {"pk": 6, "model": "auth.permission", "fields": {"codename": "delete_message", "name": "Can delete message", "content_type": 2}}, {"pk": 7, "model": "auth.permission", "fields": {"codename": "add_group", "name": "Can add group", "content_type": 3}}, {"pk": 8, "model": "auth.permission", "fields": {"codename": "change_group", "name": "Can change group", "content_type": 3}}, {"pk": 9, "model": "auth.permission", "fields": {"codename": "delete_group", "name": "Can delete group", "content_type": 3}}, {"pk": 10, "model": "auth.permission", "fields": {"codename": "add_user", "name": "Can add user", "content_type": 4}}, {"pk": 11, "model": "auth.permission", "fields": {"codename": "change_user", "name": "Can change user", "content_type": 4}}, {"pk": 12, "model": "auth.permission", "fields": {"codename": "delete_user", "name": "Can delete user", "content_type": 4}}, {"pk": 13, "model": "auth.permission", "fields": {"codename": "add_permission", "name": "Can add permission", "content_type": 5}}, {"pk": 14, "model": "auth.permission", "fields": {"codename": "change_permission", "name": "Can change permission", "content_type": 5}}, {"pk": 15, "model": "auth.permission", "fields": {"codename": "delete_permission", "name": "Can delete permission", "content_type": 5}}, {"pk": 16, "model": "auth.permission", "fields": {"codename": "add_contenttype", "name": "Can add content type", "content_type": 6}}, {"pk": 17, "model": "auth.permission", "fields": {"codename": "change_contenttype", "name": "Can change content type", "content_type": 6}}, {"pk": 18, "model": "auth.permission", "fields": {"codename": "delete_contenttype", "name": "Can delete content type", "content_type": 6}}, {"pk": 19, "model": "auth.permission", "fields": {"codename": "add_session", "name": "Can add session", "content_type": 7}}, {"pk": 20, "model": "auth.permission", "fields": {"codename": "change_session", "name": "Can change session", "content_type": 7}}, {"pk": 21, "model": "auth.permission", "fields": {"codename": "delete_session", "name": "Can delete session", "content_type": 7}}, {"pk": 22, "model": "auth.permission", "fields": {"codename": "add_site", "name": "Can add site", "content_type": 8}}, {"pk": 23, "model": "auth.permission", "fields": {"codename": "change_site", "name": "Can change site", "content_type": 8}}, {"pk": 24, "model": "auth.permission", "fields": {"codename": "delete_site", "name": "Can delete site", "content_type": 8}}, {"pk": 25, "model": "auth.permission", "fields": {"codename": "add_project", "name": "Can add project", "content_type": 9}}, {"pk": 26, "model": "auth.permission", "fields": {"codename": "change_project", "name": "Can change project", "content_type": 9}}, {"pk": 27, "model": "auth.permission", "fields": {"codename": "delete_project", "name": "Can delete project", "content_type": 9}}, {"pk": 28, "model": "auth.permission", "fields": {"codename": "add_projectpermissionset", "name": "Can add project permission set", "content_type": 10}}, {"pk": 29, "model": "auth.permission", "fields": {"codename": "change_projectpermissionset", "name": "Can change project permission set", "content_type": 10}}, {"pk": 30, "model": "auth.permission", "fields": {"codename": "delete_projectpermissionset", "name": "Can delete project permission set", "content_type": 10}}, {"pk": 31, "model": "auth.permission", "fields": {"codename": "add_issuetype", "name": "Can add issue type", "content_type": 11}}, {"pk": 32, "model": "auth.permission", "fields": {"codename": "change_issuetype", "name": "Can change issue type", "content_type": 11}}, {"pk": 33, "model": "auth.permission", "fields": {"codename": "delete_issuetype", "name": "Can delete issue type", "content_type": 11}}, {"pk": 34, "model": "auth.permission", "fields": {"codename": "add_issueseverity", "name": "Can add issue severity", "content_type": 12}}, {"pk": 35, "model": "auth.permission", "fields": {"codename": "change_issueseverity", "name": "Can change issue severity", "content_type": 12}}, {"pk": 36, "model": "auth.permission", "fields": {"codename": "delete_issueseverity", "name": "Can delete issue severity", "content_type": 12}}, {"pk": 37, "model": "auth.permission", "fields": {"codename": "add_issue", "name": "Can add issue", "content_type": 13}}, {"pk": 38, "model": "auth.permission", "fields": {"codename": "change_issue", "name": "Can change issue", "content_type": 13}}, {"pk": 39, "model": "auth.permission", "fields": {"codename": "delete_issue", "name": "Can delete issue", "content_type": 13}}, {"pk": 40, "model": "auth.permission", "fields": {"codename": "add_issuestatus", "name": "Can add issue status", "content_type": 14}}, {"pk": 41, "model": "auth.permission", "fields": {"codename": "change_issuestatus", "name": "Can change issue status", "content_type": 14}}, {"pk": 42, "model": "auth.permission", "fields": {"codename": "delete_issuestatus", "name": "Can delete issue status", "content_type": 14}}, {"pk": 43, "model": "auth.permission", "fields": {"codename": "add_repo", "name": "Can add repo", "content_type": 15}}, {"pk": 44, "model": "auth.permission", "fields": {"codename": "change_repo", "name": "Can change repo", "content_type": 15}}, {"pk": 45, "model": "auth.permission", "fields": {"codename": "delete_repo", "name": "Can delete repo", "content_type": 15}}, {"pk": 46, "model": "auth.permission", "fields": {"codename": "add_wikipage", "name": "Can add wiki page", "content_type": 16}}, {"pk": 47, "model": "auth.permission", "fields": {"codename": "change_wikipage", "name": "Can change wiki page", "content_type": 16}}, {"pk": 48, "model": "auth.permission", "fields": {"codename": "delete_wikipage", "name": "Can delete wiki page", "content_type": 16}}, {"pk": 49, "model": "auth.permission", "fields": {"codename": "add_registrationprofile", "name": "Can add registration profile", "content_type": 17}}, {"pk": 50, "model": "auth.permission", "fields": {"codename": "change_registrationprofile", "name": "Can change registration profile", "content_type": 17}}, {"pk": 51, "model": "auth.permission", "fields": {"codename": "delete_registrationprofile", "name": "Can delete registration profile", "content_type": 17}}, {"pk": 6, "model": "contenttypes.contenttype", "fields": {"model": "contenttype", "name": "content type", "app_label": "contenttypes"}}, {"pk": 3, "model": "contenttypes.contenttype", "fields": {"model": "group", "name": "group", "app_label": "auth"}}, {"pk": 13, "model": "contenttypes.contenttype", "fields": {"model": "issue", "name": "issue", "app_label": "issue"}}, {"pk": 12, "model": "contenttypes.contenttype", "fields": {"model": "issueseverity", "name": "issue severity", "app_label": "issue"}}, {"pk": 14, "model": "contenttypes.contenttype", "fields": {"model": "issuestatus", "name": "issue status", "app_label": "issue"}}, {"pk": 11, "model": "contenttypes.contenttype", "fields": {"model": "issuetype", "name": "issue type", "app_label": "issue"}}, {"pk": 1, "model": "contenttypes.contenttype", "fields": {"model": "logentry", "name": "log entry", "app_label": "admin"}}, {"pk": 2, "model": "contenttypes.contenttype", "fields": {"model": "message", "name": "message", "app_label": "auth"}}, {"pk": 5, "model": "contenttypes.contenttype", "fields": {"model": "permission", "name": "permission", "app_label": "auth"}}, {"pk": 9, "model": "contenttypes.contenttype", "fields": {"model": "project", "name": "project", "app_label": "project"}}, {"pk": 10, "model": "contenttypes.contenttype", "fields": {"model": "projectpermissionset", "name": "project permission set", "app_label": "project"}}, {"pk": 17, "model": "contenttypes.contenttype", "fields": {"model": "registrationprofile", "name": "registration profile", "app_label": "registration"}}, {"pk": 15, "model": "contenttypes.contenttype", "fields": {"model": "repo", "name": "repo", "app_label": "repo"}}, {"pk": 7, "model": "contenttypes.contenttype", "fields": {"model": "session", "name": "session", "app_label": "sessions"}}, {"pk": 8, "model": "contenttypes.contenttype", "fields": {"model": "site", "name": "site", "app_label": "sites"}}, {"pk": 4, "model": "contenttypes.contenttype", "fields": {"model": "user", "name": "user", "app_label": "auth"}}, {"pk": 16, "model": "contenttypes.contenttype", "fields": {"model": "wikipage", "name": "wiki page", "app_label": "wiki"}}, {"pk": "e5dd9a69f1a0faf4499d9e1b94b04fd8", "model": "sessions.session", "fields": {"expire_date": "2007-12-30 05:19:56", "session_data": "gAJ9cQEoVRJfYXV0aF91c2VyX2JhY2tlbmRxAlUpZGphbmdvLmNvbnRyaWIuYXV0aC5iYWNrZW5k\ncy5Nb2RlbEJhY2tlbmRxA1UNX2F1dGhfdXNlcl9pZHEEigEBdS5hMzZmZjA0ZDkxN2MxYzYwYjI1\nYmJmNGYwNGFjODBjMQ==\n"}}, {"pk": 1, "model": "sites.site", "fields": {"domain": "example.com", "name": "example.com"}}, {"pk": 3, "model": "project.project", "fields": {"description": "A front end and project management system for Mercurial.", "longname": "Mercurial Django Front", "user_members": [10, 8, 17, 13], "shortname": "hgfront", "user_owner": 8, "pub_date": "2007-12-16 14:27:28", "is_private": 0}}, {"pk": 4, "model": "project.project", "fields": {"description": "A top secret project!", "longname": "Project X", "user_members": [15, 16, 14], "shortname": "projectx", "user_owner": 15, "pub_date": "2007-12-16 14:28:06", "is_private": 1}}, {"pk": 5, "model": "project.project", "fields": {"description": "NUCLEAR BOMB!!!", "longname": "The Manhattan Project", "user_members": [16, 11, 12, 10, 13], "shortname": "manhattan", "user_owner": 11, "pub_date": "2007-12-16 14:29:01", "is_private": 0}}, {"pk": 6, "model": "project.project", "fields": {"description": "A space invaders clone made completely in FORTRAN", "longname": "Space Invaders", "user_members": [15, 16, 14, 10, 13], "shortname": "spaceinvaders", "user_owner": 13, "pub_date": "2007-12-16 07:05:19", "is_private": 0}}, {"pk": 3, "model": "project.projectpermissionset", "fields": {"edit_repos": 0, "project": 3, "delete_issues": 0, "pull": 1, "view_repos": 1, "edit_issues": 0, "is_default": 1, "view_issues": 1, "user": null, "delete_repos": 0, "push": 0, "add_repos": 0, "add_issues": 1}}, {"pk": 4, "model": "project.projectpermissionset", "fields": {"edit_repos": 0, "project": 4, "delete_issues": 0, "pull": 1, "view_repos": 1, "edit_issues": 0, "is_default": 1, "view_issues": 1, "user": null, "delete_repos": 0, "push": 0, "add_repos": 0, "add_issues": 1}}, {"pk": 5, "model": "project.projectpermissionset", "fields": {"edit_repos": 0, "project": 5, "delete_issues": 0, "pull": 1, "view_repos": 1, "edit_issues": 0, "is_default": 1, "view_issues": 1, "user": null, "delete_repos": 0, "push": 0, "add_repos": 0, "add_issues": 1}}, {"pk": 6, "model": "project.projectpermissionset", "fields": {"edit_repos": 0, "project": 6, "delete_issues": 0, "pull": 1, "view_repos": 1, "edit_issues": 0, "is_default": 1, "view_issues": 1, "user": null, "delete_repos": 0, "push": 0, "add_repos": 0, "add_issues": 1}}, {"pk": 7, "model": "project.projectpermissionset", "fields": {"edit_repos": 0, "project": 3, "delete_issues": 0, "pull": 1, "view_repos": 1, "edit_issues": 1, "is_default": 0, "view_issues": 1, "user": 13, "delete_repos": 0, "push": 1, "add_repos": 1, "add_issues": 1}}, {"pk": 8, "model": "project.projectpermissionset", "fields": {"edit_repos": 0, "project": 3, "delete_issues": 0, "pull": 1, "view_repos": 1, "edit_issues": 0, "is_default": 0, "view_issues": 1, "user": 17, "delete_repos": 0, "push": 0, "add_repos": 0, "add_issues": 0}}, {"pk": 1, "model": "issue.issuetype", "fields": {"order": 0, "is_active": 1, "slug": "bug", "title": "Bug"}}, {"pk": 2, "model": "issue.issuetype", "fields": {"order": 1, "is_active": 1, "slug": "enhancment", "title": "Enhancment"}}, {"pk": 3, "model": "issue.issuetype", "fields": {"order": 2, "is_active": 1, "slug": "feature-request", "title": "Feature Request"}}, {"pk": 4, "model": "issue.issuetype", "fields": {"order": 3, "is_active": 1, "slug": "typo", "title": "Typo"}}, {"pk": 1, "model": "issue.issueseverity", "fields": {"order": 0, "is_active": 1, "slug": "minor", "title": "Minor"}}, {"pk": 2, "model": "issue.issueseverity", "fields": {"order": 1, "is_active": 1, "slug": "medium", "title": "Medium"}}, {"pk": 3, "model": "issue.issueseverity", "fields": {"order": 2, "is_active": 1, "slug": "major", "title": "Major"}}, {"pk": 4, "model": "issue.issueseverity", "fields": {"order": 3, "is_active": 1, "slug": "critical", "title": "Critical"}}, {"pk": 5, "model": "issue.issueseverity", "fields": {"order": 4, "is_active": 1, "slug": "blocker", "title": "Blocker"}}, {"pk": 3, "model": "issue.issue", "fields": {"body": "It just won't explode!", "finished_date": null, "issue_sev": 5, "title": "The nuclear bomb won't go off", "project": 5, "user_posted": 13, "issue_type": 1, "user_assigned_to": null, "pub_date": "2007-12-16 14:37:23", "issue_status": 1}}, {"pk": 2, "model": "issue.issue", "fields": {"body": "Yeah, there's a bug in there.", "finished_date": null, "issue_sev": 1, "title": "This is a bug report", "project": 3, "user_posted": 8, "issue_type": 3, "user_assigned_to": null, "pub_date": "2007-12-16 14:35:44", "issue_status": 1}}, {"pk": 4, "model": "issue.issue", "fields": {"body": "A BIG BUG ITS HUGE!", "finished_date": null, "issue_sev": 5, "title": "Another big bug report", "project": 3, "user_posted": 10, "issue_type": 1, "user_assigned_to": 8, "pub_date": "2007-12-16 07:05:19", "issue_status": 1}}, {"pk": 5, "model": "issue.issue", "fields": {"body": "In here!", "finished_date": null, "issue_sev": 2, "title": "Bugs bugs bugs!", "project": 4, "user_posted": 15, "issue_type": 4, "user_assigned_to": null, "pub_date": "2007-12-16 07:05:19", "issue_status": 1}}, {"pk": 6, "model": "issue.issue", "fields": {"body": "Yase!", "finished_date": null, "issue_sev": 3, "title": "I want the bomb to be pink!", "project": 5, "user_posted": 16, "issue_type": 2, "user_assigned_to": null, "pub_date": "2007-12-16 07:05:19", "issue_status": 1}}, {"pk": 7, "model": "issue.issue", "fields": {"body": "I'm so stupid", "finished_date": null, "issue_sev": 3, "title": "What do I type in here?", "project": 3, "user_posted": 8, "issue_type": 4, "user_assigned_to": null, "pub_date": "2007-12-16 07:05:19", "issue_status": 1}}, {"pk": 8, "model": "issue.issue", "fields": {"body": "Jump good!", "finished_date": null, "issue_sev": 1, "title": "Jump good!", "project": 3, "user_posted": 13, "issue_type": 3, "user_assigned_to": null, "pub_date": "2007-12-16 07:05:19", "issue_status": 1}}, {"pk": 1, "model": "issue.issuestatus", "fields": {"order": 0, "is_active": 1, "slug": "raised", "title": "Raised"}}, {"pk": 2, "model": "issue.issuestatus", "fields": {"order": 1, "is_active": 1, "slug": "accepted", "title": "Accepted"}}, {"pk": 3, "model": "issue.issuestatus", "fields": {"order": 2, "is_active": 1, "slug": "not-accepted", "title": "Not Accepted"}}, {"pk": 4, "model": "issue.issuestatus", "fields": {"order": 3, "is_active": 1, "slug": "fixed", "title": "Fixed"}}, {"pk": 5, "model": "issue.issuestatus", "fields": {"order": 4, "is_active": 1, "slug": "works-for-me", "title": "Works For Me"}}, {"pk": 1, "model": "repo.repo", "fields": {"name": "stable", "url": "", "creation_method": 1, "project": 3, "anonymous": 1, "pub_date": "2007-12-16 14:33:15"}}, {"pk": 2, "model": "repo.repo", "fields": {"name": "unstable", "url": "", "creation_method": 1, "project": 3, "anonymous": 1, "pub_date": "2007-12-16 14:33:31"}}, {"pk": 3, "model": "repo.repo", "fields": {"name": "stable", "url": "", "creation_method": 1, "project": 4, "anonymous": 1, "pub_date": "2007-12-16 14:33:49"}}, {"pk": 4, "model": "repo.repo", "fields": {"name": "stable", "url": "", "creation_method": 1, "project": 5, "anonymous": 1, "pub_date": "2007-12-16 14:33:59"}}, {"pk": 5, "model": "repo.repo", "fields": {"name": "stable", "url": "", "creation_method": 1, "project": 6, "anonymous": 1, "pub_date": "2007-12-16 14:34:12"}}]
